dataset,model,feature_set,fold,accuracy,f1,roc_auc
medical,LogisticRegression,full,0,0.7111111111111111,0.5323741007194245,0.8013714285714285
medical,LogisticRegression,full,1,0.7111111111111111,0.5255474452554745,0.7822356215213359
medical,LogisticRegression,full,2,0.6844444444444444,0.4580152671755725,0.7458256029684601
medical,LogisticRegression,full,3,0.7288888888888889,0.5343511450381679,0.8440398886827458
finance,LinearSVC,full,0,0.6472727272727272,0.5610859728506787,0.7226800632196885
finance,LinearSVC,full,1,0.6690909090909091,0.6094420600858369,0.7246556784827274
finance,LinearSVC,full,2,0.6327272727272727,0.5302325581395348,0.7022465567848272
finance,LinearSVC,full,3,0.6509090909090909,0.5596330275229358,0.678397370508897
