dataset,segment_feature,segment,n,error_rate,false_positive_rate,false_negative_rate
medical,age,"(-0.001, 1.0]",72,0.2222222222222222,0.1388888888888889,0.08333333333333333
medical,age,"(1.6, 3.0]",70,0.38571428571428573,0.3,0.08571428571428572
medical,age,"(3.0, 4.0]",38,0.42105263157894735,0.39473684210526316,0.02631578947368421
finance,credit_score,"(-0.001, 4.0]",220,0.32272727272727275,0.16818181818181818,0.15454545454545454
