dataset,feature_set,model,variant,accuracy,f1,roc_auc,fit_time_sec
finance,full,LogisticRegression,baseline_default,0.6727272727272727,0.5714285714285714,0.722693531283139,0.022589000058360398
finance,full,LogisticRegression,tuned_best,0.6590909090909091,0.5562130177514792,0.721986567691764,0.02207730000372976
medical,set_C_hybrid,RandomForest,baseline_default,0.7722222222222223,0.2545454545454545,0.6817603200581924,0.8728649999247864
medical,set_C_hybrid,RandomForest,tuned_best,0.6944444444444444,0.45544554455445546,0.7212220403709765,0.8560949999373406
